City,Country,Region,Tags
Algiers,Algeria,Africa,BUSINESS
Luanda,Angola,Africa,"BUSINESS,SEAMAN"
Cotonou,Benin,Africa,"BUSINESS,SEAMAN"
Francistown,Botswana,Africa,BUSINESS
Gaborone,Botswana,Africa,"BUSINESS,LEISURE"
Maun,Botswana,Africa,LEISURE
Ouagadougou,Burkina Faso,Africa,BUSINESS
Douala,Cameroon,Africa,"BUSINESS,SEAMAN"
Kinshasa,Congo,Africa,BUSINESS
Djibouti,Djibouti,Africa,"BUSINESS,SEAMAN"
Alexandria,Egypt,Africa,"BUSINESS,SEAMAN,LEISURE"
Aswan,Egypt,Africa,LEISURE
Cairo,Egypt,Africa,"BUSINESS,LEISURE,MEDICAL"
Hurghada,Egypt,Africa,"LEISURE,CRUISE"
Luxor,Egypt,Africa,"LEISURE,RELIGIOUS"
Port Said,Egypt,Africa,SEAMAN
Sharm el-Sheikh,Egypt,Africa,"LEISURE,CRUISE"
Suez,Egypt,Africa,SEAMAN
Addis Ababa,Ethiopia,Africa,"BUSINESS,MEDICAL"
Dire Dawa,Ethiopia,Africa,BUSINESS
Mekele,Ethiopia,Africa,BUSINESS
Libreville,Gabon,Africa,"BUSINESS,SEAMAN"
Banjul,Gambia,Africa,"BUSINESS,LEISURE"
Accra,Ghana,Africa,"BUSINESS,MEDICAL"
Kumasi,Ghana,Africa,BUSINESS
Takoradi,Ghana,Africa,"BUSINESS,SEAMAN"
Tema,Ghana,Africa,SEAMAN
Conakry,Guinea,Africa,"BUSINESS,SEAMAN"
Abidjan,Ivory Coast,Africa,"BUSINESS,SEAMAN"
Eldoret,Kenya,Africa,BUSINESS
Kisumu,Kenya,Africa,BUSINESS
Mombasa,Kenya,Africa,"LEISURE,SEAMAN,CRUISE"
Nairobi,Kenya,Africa,"BUSINESS,MEDICAL,LEISURE"
Monrovia,Liberia,Africa,"BUSINESS,SEAMAN"
Benghazi,Libya,Africa,"BUSINESS,SEAMAN"
Tripoli,Libya,Africa,"BUSINESS,SEAMAN"
Antananarivo,Madagascar,Africa,LEISURE
Nosy Be,Madagascar,Africa,"LEISURE,CRUISE"
Toamasina,Madagascar,Africa,SEAMAN
Bamako,Mali,Africa,BUSINESS
Mauritius,Mauritius,Africa,"LEISURE,CRUISE,MEDICAL"
Port Louis,Mauritius,Africa,"SEAMAN,CRUISE,LEISURE"
Agadir,Morocco,Africa,LEISURE
Casablanca,Morocco,Africa,"BUSINESS,MEDICAL,SEAMAN"
Chefchaouen,Morocco,Africa,LEISURE
Essaouira,Morocco,Africa,LEISURE
Fez,Morocco,Africa,LEISURE
Marrakech,Morocco,Africa,"LEISURE,MEDICAL"
Ouarzazate,Morocco,Africa,LEISURE
Rabat,Morocco,Africa,BUSINESS
Tangier,Morocco,Africa,"BUSINESS,SEAMAN"
Beira,Mozambique,Africa,SEAMAN
Maputo,Mozambique,Africa,"BUSINESS,SEAMAN"
Nacala,Mozambique,Africa,SEAMAN
Pemba,Mozambique,Africa,SEAMAN
Quelimane,Mozambique,Africa,SEAMAN
Vilankulo,Mozambique,Africa,LEISURE
Swakopmund,Namibia,Africa,LEISURE
Walvis Bay,Namibia,Africa,SEAMAN
Windhoek,Namibia,Africa,LEISURE
Niamey,Niger,Africa,BUSINESS
Abuja,Nigeria,Africa,BUSINESS
Benin City,Nigeria,Africa,BUSINESS
Calabar,Nigeria,Africa,SEAMAN
Ibadan,Nigeria,Africa,BUSINESS
Kano,Nigeria,Africa,BUSINESS
Lagos,Nigeria,Africa,"BUSINESS,MEDICAL,SEAMAN"
Port Harcourt,Nigeria,Africa,"BUSINESS,SEAMAN"
Warri,Nigeria,Africa,"BUSINESS,SEAMAN"
Butare,Rwanda,Africa,LEISURE
Gisenyi,Rwanda,Africa,LEISURE
Kigali,Rwanda,Africa,"BUSINESS,MEDICAL"
Dakar,Senegal,Africa,"BUSINESS,SEAMAN"
Saint Louis,Senegal,Africa,LEISURE
Ziguinchor,Senegal,Africa,BUSINESS
Mahe,Seychelles,Africa,"LEISURE,CRUISE"
Praslin,Seychelles,Africa,"LEISURE,CRUISE"
Seychelles,Seychelles,Africa,"LEISURE,CRUISE"
Freetown,Sierra Leone,Africa,"BUSINESS,SEAMAN"
Bloemfontein,South Africa,Africa,BUSINESS
Cape Town,South Africa,Africa,"BUSINESS,LEISURE,CRUISE"
Durban,South Africa,Africa,"BUSINESS,SEAMAN,LEISURE"
East London,South Africa,Africa,"SEAMAN,LEISURE"
George,South Africa,Africa,LEISURE
Hermanus,South Africa,Africa,LEISURE
Johannesburg,South Africa,Africa,"BUSINESS,MEDICAL,LEISURE"
Knysna,South Africa,Africa,LEISURE
Nelspruit,South Africa,Africa,LEISURE
Port Elizabeth,South Africa,Africa,"LEISURE,SEAMAN"
Pretoria,South Africa,Africa,BUSINESS
Richards Bay,South Africa,Africa,SEAMAN
Stellenbosch,South Africa,Africa,LEISURE
Khartoum,Sudan,Africa,BUSINESS
Arusha,Tanzania,Africa,LEISURE
Dar es Salaam,Tanzania,Africa,"BUSINESS,SEAMAN"
Dodoma,Tanzania,Africa,BUSINESS
Mwanza,Tanzania,Africa,"BUSINESS,SEAMAN"
Tanga,Tanzania,Africa,SEAMAN
Zanzibar,Tanzania,Africa,"LEISURE,CRUISE"
Lome,Togo,Africa,"BUSINESS,SEAMAN"
Djerba,Tunisia,Africa,"LEISURE,CRUISE"
Hammamet,Tunisia,Africa,LEISURE
Monastir,Tunisia,Africa,"LEISURE,CRUISE"
Sfax,Tunisia,Africa,"BUSINESS,SEAMAN"
Sousse,Tunisia,Africa,"LEISURE,CRUISE"
Tunis,Tunisia,Africa,"BUSINESS,MEDICAL,LEISURE"
Entebbe,Uganda,Africa,LEISURE
Jinja,Uganda,Africa,LEISURE
Kampala,Uganda,Africa,"BUSINESS,MEDICAL"
Kitwe,Zambia,Africa,BUSINESS
Livingstone,Zambia,Africa,LEISURE
Lusaka,Zambia,Africa,BUSINESS
Ndola,Zambia,Africa,BUSINESS
Bulawayo,Zimbabwe,Africa,BUSINESS
Gweru,Zimbabwe,Africa,BUSINESS
Harare,Zimbabwe,Africa,BUSINESS
Mutare,Zimbabwe,Africa,BUSINESS
Victoria Falls,Zimbabwe,Africa,LEISURE
St John's,Antigua and Barbuda,Americas,"LEISURE,CRUISE"
Bariloche,Argentina,Americas,LEISURE
Buenos Aires,Argentina,Americas,"BUSINESS,MEDICAL,LEISURE"
Cordoba,Argentina,Americas,"BUSINESS,LEISURE"
Iguazu Falls,Argentina,Americas,LEISURE
Mar del Plata,Argentina,Americas,"LEISURE,CRUISE"
Mendoza,Argentina,Americas,LEISURE
Rosario,Argentina,Americas,BUSINESS
Salta,Argentina,Americas,LEISURE
Ushuaia,Argentina,Americas,"LEISURE,CRUISE"
Oranjestad,Aruba,Americas,"LEISURE,CRUISE"
Exuma,Bahamas,Americas,"LEISURE,CRUISE"
Freeport,Bahamas,Americas,"LEISURE,CRUISE"
Nassau,Bahamas,Americas,"LEISURE,CRUISE"
Paradise Island,Bahamas,Americas,LEISURE
Bridgetown,Barbados,Americas,"LEISURE,CRUISE"
Belize City,Belize,Americas,"LEISURE,CRUISE,SEAMAN"
Caye Caulker,Belize,Americas,LEISURE
San Pedro,Belize,Americas,"LEISURE,CRUISE"
Cochabamba,Bolivia,Americas,BUSINESS
La Paz,Bolivia,Americas,"BUSINESS,LEISURE"
Santa Cruz,Bolivia,Americas,BUSINESS
Sucre,Bolivia,Americas,LEISURE
Uyuni,Bolivia,Americas,LEISURE
Belem,Brazil,Americas,"BUSINESS,SEAMAN"
Belo Horizonte,Brazil,Americas,"BUSINESS,MEDICAL"
Brasilia,Brazil,Americas,BUSINESS
Curitiba,Brazil,Americas,BUSINESS
Florianopolis,Brazil,Americas,LEISURE
Fortaleza,Brazil,Americas,LEISURE
Itajai,Brazil,Americas,SEAMAN
Maceio,Brazil,Americas,LEISURE
Manaus,Brazil,Americas,"BUSINESS,LEISURE"
Natal,Brazil,Americas,LEISURE
Paranagua,Brazil,Americas,SEAMAN
Porto Alegre,Brazil,Americas,BUSINESS
Recife,Brazil,Americas,"BUSINESS,LEISURE"
Rio Grande,Brazil,Americas,SEAMAN
Rio de Janeiro,Brazil,Americas,"LEISURE,CRUISE"
Salvador,Brazil,Americas,"LEISURE,CRUISE"
Santos,Brazil,Americas,"BUSINESS,SEAMAN"
Sao Paulo,Brazil,Americas,"BUSINESS,MEDICAL"
Vitoria,Brazil,Americas,"BUSINESS,SEAMAN"
Road Town,British Virgin Islands,Americas,"LEISURE,CRUISE"
Banff,Canada,Americas,LEISURE
Calgary,Canada,Americas,"BUSINESS,LEISURE"
Edmonton,Canada,Americas,BUSINESS
Halifax,Canada,Americas,"BUSINESS,SEAMAN,CRUISE"
Jasper,Canada,Americas,LEISURE
Kelowna,Canada,Americas,LEISURE
Montreal,Canada,Americas,"BUSINESS,LEISURE"
Niagara Falls,Canada,Americas,LEISURE
Ottawa,Canada,Americas,BUSINESS
Quebec City,Canada,Americas,LEISURE
Regina,Canada,Americas,BUSINESS
Saskatoon,Canada,Americas,BUSINESS
St John's,Canada,Americas,"BUSINESS,SEAMAN"
Toronto,Canada,Americas,"BUSINESS,MEDICAL,LEISURE"
Vancouver,Canada,Americas,"BUSINESS,LEISURE,CRUISE"
Victoria,Canada,Americas,"LEISURE,CRUISE"
Whistler,Canada,Americas,LEISURE
Whitehorse,Canada,Americas,LEISURE
Winnipeg,Canada,Americas,BUSINESS
Yellowknife,Canada,Americas,LEISURE
George Town,Cayman Islands,Americas,"LEISURE,CRUISE"
Antofagasta,Chile,Americas,"BUSINESS,SEAMAN"
Arica,Chile,Americas,"BUSINESS,SEAMAN"
Concepcion,Chile,Americas,"BUSINESS,SEAMAN"
Iquique,Chile,Americas,"BUSINESS,SEAMAN"
La Serena,Chile,Americas,LEISURE
Puerto Montt,Chile,Americas,"SEAMAN,LEISURE"
Puerto Varas,Chile,Americas,LEISURE
Punta Arenas,Chile,Americas,"LEISURE,CRUISE,SEAMAN"
Santiago,Chile,Americas,"BUSINESS,MEDICAL,LEISURE"
Valdivia,Chile,Americas,LEISURE
Valparaiso,Chile,Americas,"LEISURE,CRUISE"
Vina del Mar,Chile,Americas,"LEISURE,CRUISE"
Barranquilla,Colombia,Americas,"BUSINESS,SEAMAN"
Bogota,Colombia,Americas,"BUSINESS,MEDICAL,LEISURE"
Bucaramanga,Colombia,Americas,"BUSINESS,MEDICAL"
Cali,Colombia,Americas,"BUSINESS,MEDICAL"
Cartagena,Colombia,Americas,"LEISURE,CRUISE"
Medellin,Colombia,Americas,"BUSINESS,MEDICAL,LEISURE"
Pereira,Colombia,Americas,"BUSINESS,MEDICAL"
San Andres,Colombia,Americas,"LEISURE,CRUISE"
Santa Marta,Colombia,Americas,"LEISURE,CRUISE"
Liberia,Costa Rica,Americas,LEISURE
Manuel Antonio,Costa Rica,Americas,LEISURE
Puerto Limon,Costa Rica,Americas,"SEAMAN,CRUISE"
San Jose,Costa Rica,Americas,"BUSINESS,MEDICAL,LEISURE"
Tamarindo,Costa Rica,Americas,LEISURE
Cienfuegos,Cuba,Americas,"LEISURE,CRUISE"
Havana,Cuba,Americas,"LEISURE,CRUISE,MEDICAL"
Holguin,Cuba,Americas,LEISURE
Santiago de Cuba,Cuba,Americas,LEISURE
Trinidad,Cuba,Americas,LEISURE
Varadero,Cuba,Americas,"LEISURE,CRUISE"
Willemstad,Curacao,Americas,"LEISURE,CRUISE"
Roseau,Dominica,Americas,"LEISURE,CRUISE"
Bayahibe,Dominican Republic,Americas,"LEISURE,CRUISE"
Cabarete,Dominican Republic,Americas,LEISURE
La Romana,Dominican Republic,Americas,"LEISURE,CRUISE"
Puerto Plata,Dominican Republic,Americas,"LEISURE,CRUISE"
Punta Cana,Dominican Republic,Americas,"LEISURE,CRUISE"
Samana,Dominican Republic,Americas,"LEISURE,CRUISE"
Santo Domingo,Dominican Republic,Americas,"LEISURE,CRUISE,MEDICAL"
Cuenca,Ecuador,Americas,LEISURE
Galapagos,Ecuador,Americas,"LEISURE,CRUISE"
Guayaquil,Ecuador,Americas,"BUSINESS,SEAMAN"
Quito,Ecuador,Americas,"BUSINESS,LEISURE"
San Salvador,El Salvador,Americas,BUSINESS
Cayenne,French Guiana,Americas,BUSINESS
St George's,Grenada,Americas,"LEISURE,CRUISE"
Antigua,Guatemala,Americas,LEISURE
Guatemala City,Guatemala,Americas,BUSINESS
Lake Atitlan,Guatemala,Americas,LEISURE
Georgetown,Guyana,Americas,"BUSINESS,SEAMAN"
Cap-Haitien,Haiti,Americas,LEISURE
Labadee,Haiti,Americas,"LEISURE,CRUISE"
Port-au-Prince,Haiti,Americas,BUSINESS
Roatan,Honduras,Americas,"LEISURE,CRUISE"
San Pedro Sula,Honduras,Americas,BUSINESS
Tegucigalpa,Honduras,Americas,BUSINESS
Falmouth,Jamaica,Americas,"LEISURE,CRUISE"
Kingston,Jamaica,Americas,"LEISURE,CRUISE"
Montego Bay,Jamaica,Americas,"LEISURE,CRUISE"
Negril,Jamaica,Americas,LEISURE
Ocho Rios,Jamaica,Americas,"LEISURE,CRUISE"
Fort-de-France,Martinique,Americas,"LEISURE,CRUISE"
Acapulco,Mexico,Americas,"LEISURE,CRUISE"
Cabo San Lucas,Mexico,Americas,"LEISURE,CRUISE"
Cancun,Mexico,Americas,"LEISURE,CRUISE"
Coatzacoalcos,Mexico,Americas,"BUSINESS,SEAMAN"
Cozumel,Mexico,Americas,"LEISURE,CRUISE"
Ensenada,Mexico,Americas,"LEISURE,CRUISE"
Guadalajara,Mexico,Americas,"BUSINESS,MEDICAL"
Guanajuato,Mexico,Americas,LEISURE
La Paz,Mexico,Americas,"LEISURE,CRUISE"
Lazaro Cardenas,Mexico,Americas,SEAMAN
Leon,Mexico,Americas,BUSINESS
Manzanillo,Mexico,Americas,"LEISURE,SEAMAN,CRUISE"
Mazatlan,Mexico,Americas,"LEISURE,CRUISE"
Merida,Mexico,Americas,"BUSINESS,LEISURE"
Mexico City,Mexico,Americas,"BUSINESS,MEDICAL,LEISURE"
Monterrey,Mexico,Americas,BUSINESS
Oaxaca,Mexico,Americas,LEISURE
Playa del Carmen,Mexico,Americas,LEISURE
Puebla,Mexico,Americas,"BUSINESS,LEISURE"
Puerto Vallarta,Mexico,Americas,"LEISURE,CRUISE"
Queretaro,Mexico,Americas,BUSINESS
San Jose del Cabo,Mexico,Americas,"LEISURE,CRUISE"
San Miguel de Allende,Mexico,Americas,LEISURE
Tampico,Mexico,Americas,"BUSINESS,SEAMAN"
Tijuana,Mexico,Americas,"BUSINESS,MEDICAL"
Tulum,Mexico,Americas,LEISURE
Veracruz,Mexico,Americas,"BUSINESS,SEAMAN"
Granada,Nicaragua,Americas,LEISURE
Managua,Nicaragua,Americas,BUSINESS
San Juan del Sur,Nicaragua,Americas,LEISURE
Bocas del Toro,Panama,Americas,"LEISURE,CRUISE"
Colon,Panama,Americas,SEAMAN
David,Panama,Americas,BUSINESS
Panama City,Panama,Americas,"BUSINESS,SEAMAN,CRUISE"
Asuncion,Paraguay,Americas,BUSINESS
Ciudad del Este,Paraguay,Americas,BUSINESS
Encarnacion,Paraguay,Americas,BUSINESS
Arequipa,Peru,Americas,LEISURE
Chiclayo,Peru,Americas,BUSINESS
Cusco,Peru,Americas,LEISURE
Iquitos,Peru,Americas,LEISURE
Lima,Peru,Americas,"BUSINESS,LEISURE,MEDICAL"
Puno,Peru,Americas,LEISURE
Trujillo,Peru,Americas,"BUSINESS,LEISURE"
San Juan,Puerto Rico,Americas,"LEISURE,CRUISE"
Basseterre,Saint Kitts and Nevis,Americas,"LEISURE,CRUISE"
Castries,Saint Lucia,Americas,"LEISURE,CRUISE"
Kingstown,Saint Vincent and the Grenadines,Americas,"LEISURE,CRUISE"
Philipsburg,Sint Maarten,Americas,"LEISURE,CRUISE"
Paramaribo,Suriname,Americas,"BUSINESS,SEAMAN"
Port of Spain,Trinidad and Tobago,Americas,"BUSINESS,SEAMAN,CRUISE"
Charlotte Amalie,US Virgin Islands,Americas,"LEISURE,CRUISE"
Christiansted,US Virgin Islands,Americas,"LEISURE,CRUISE"
Anchorage,United States,Americas,"LEISURE,CRUISE"
Aspen,United States,Americas,LEISURE
Atlanta,United States,Americas,BUSINESS
Austin,United States,Americas,"BUSINESS,LEISURE"
Baltimore,United States,Americas,"BUSINESS,SEAMAN"
Big Sur,United States,Americas,LEISURE
Boston,United States,Americas,"BUSINESS,MEDICAL,LEISURE"
Carmel,United States,Americas,LEISURE
Charleston,United States,Americas,"LEISURE,SEAMAN"
Charlotte,United States,Americas,BUSINESS
Chicago,United States,Americas,"BUSINESS,LEISURE"
Cincinnati,United States,Americas,BUSINESS
Cleveland,United States,Americas,BUSINESS
Columbus,United States,Americas,BUSINESS
Dallas,United States,Americas,BUSINESS
Denver,United States,Americas,"BUSINESS,LEISURE"
Detroit,United States,Americas,BUSINESS
Fairbanks,United States,Americas,LEISURE
Fort Lauderdale,United States,Americas,"LEISURE,CRUISE,SEAMAN"
Honolulu,United States,Americas,"LEISURE,CRUISE,SEAMAN"
Houston,United States,Americas,"BUSINESS,SEAMAN"
Indianapolis,United States,Americas,BUSINESS
Juneau,United States,Americas,"LEISURE,CRUISE,SEAMAN"
Kansas City,United States,Americas,BUSINESS
Ketchikan,United States,Americas,"LEISURE,CRUISE,SEAMAN"
Key West,United States,Americas,"LEISURE,CRUISE"
Las Vegas,United States,Americas,LEISURE
Los Angeles,United States,Americas,"BUSINESS,LEISURE,MEDICAL"
Miami,United States,Americas,"BUSINESS,LEISURE,CRUISE"
Milwaukee,United States,Americas,BUSINESS
Minneapolis,United States,Americas,BUSINESS
Monterey,United States,Americas,LEISURE
Napa Valley,United States,Americas,LEISURE
Naples,United States,Americas,LEISURE
Nashville,United States,Americas,LEISURE
New Orleans,United States,Americas,"LEISURE,CRUISE"
New York,United States,Americas,"BUSINESS,LEISURE,CRUISE"
Norfolk,United States,Americas,SEAMAN
Orlando,United States,Americas,LEISURE
Park City,United States,Americas,LEISURE
Philadelphia,United States,Americas,"BUSINESS,MEDICAL,LEISURE"
Phoenix,United States,Americas,"BUSINESS,MEDICAL"
Pittsburgh,United States,Americas,BUSINESS
Portland,United States,Americas,"BUSINESS,LEISURE"
Raleigh,United States,Americas,BUSINESS
Richmond,United States,Americas,BUSINESS
Sacramento,United States,Americas,BUSINESS
Salt Lake City,United States,Americas,"BUSINESS,LEISURE"
San Antonio,United States,Americas,"BUSINESS,LEISURE"
San Diego,United States,Americas,"BUSINESS,LEISURE,SEAMAN"
San Francisco,United States,Americas,"BUSINESS,LEISURE"
Santa Barbara,United States,Americas,LEISURE
Santa Fe,United States,Americas,LEISURE
Savannah,United States,Americas,"LEISURE,SEAMAN"
Seattle,United States,Americas,"BUSINESS,SEAMAN,CRUISE"
Sedona,United States,Americas,LEISURE
Sitka,United States,Americas,"LEISURE,CRUISE"
Skagway,United States,Americas,"LEISURE,CRUISE"
St Louis,United States,Americas,BUSINESS
Tampa,United States,Americas,"BUSINESS,CRUISE"
Vail,United States,Americas,LEISURE
Washington DC,United States,Americas,"BUSINESS,LEISURE"
Montevideo,Uruguay,Americas,"BUSINESS,CRUISE,LEISURE"
Punta del Este,Uruguay,Americas,"LEISURE,CRUISE"
Caracas,Venezuela,Americas,BUSINESS
Maracaibo,Venezuela,Americas,"BUSINESS,SEAMAN"
Margarita Island,Venezuela,Americas,"LEISURE,CRUISE"
Puerto La Cruz,Venezuela,Americas,"LEISURE,CRUISE"
Valencia,Venezuela,Americas,"BUSINESS,SEAMAN"
Chittagong,Bangladesh,Asia,"BUSINESS,SEAMAN"
Dhaka,Bangladesh,Asia,"BUSINESS,MEDICAL"
Paro,Bhutan,Asia,"LEISURE,RELIGIOUS"
Thimphu,Bhutan,Asia,"LEISURE,RELIGIOUS"
Phnom Penh,Cambodia,Asia,"BUSINESS,LEISURE"
Siem Reap,Cambodia,Asia,"LEISURE,RELIGIOUS"
Sihanoukville,Cambodia,Asia,"LEISURE,SEAMAN"
Beijing,China,Asia,"BUSINESS,LEISURE"
Chengdu,China,Asia,"BUSINESS,LEISURE"
Dalian,China,Asia,"BUSINESS,SEAMAN"
Guangzhou,China,Asia,"BUSINESS,SEAMAN"
Guilin,China,Asia,LEISURE
Hainan,China,Asia,"LEISURE,CRUISE"
Hangzhou,China,Asia,"BUSINESS,LEISURE"
Nanjing,China,Asia,BUSINESS
Qingdao,China,Asia,"BUSINESS,SEAMAN,LEISURE"
Sanya,China,Asia,"LEISURE,CRUISE"
Shanghai,China,Asia,"BUSINESS,SEAMAN,LEISURE"
Shenzhen,China,Asia,"BUSINESS,SEAMAN"
Tianjin,China,Asia,"BUSINESS,SEAMAN"
Xiamen,China,Asia,"BUSINESS,LEISURE,SEAMAN"
Xian,China,Asia,LEISURE
Hong Kong,Hong Kong,Asia,"BUSINESS,SEAMAN,LEISURE"
Amritsar,India,Asia,"RELIGIOUS,LEISURE"
Bangalore,India,Asia,"BUSINESS,MEDICAL"
Chennai,India,Asia,"BUSINESS,MEDICAL,SEAMAN"
Delhi,India,Asia,"BUSINESS,MEDICAL,LEISURE"
Goa,India,Asia,"LEISURE,CRUISE"
Hyderabad,India,Asia,"BUSINESS,MEDICAL"
Jaipur,India,Asia,LEISURE
Kolkata,India,Asia,"BUSINESS,SEAMAN"
Mumbai,India,Asia,"BUSINESS,MEDICAL,SEAMAN"
Pune,India,Asia,"BUSINESS,MEDICAL"
Varanasi,India,Asia,"RELIGIOUS,LEISURE"
Bali,Indonesia,Asia,"LEISURE,CRUISE"
Bandung,Indonesia,Asia,"BUSINESS,LEISURE"
Batam,Indonesia,Asia,"BUSINESS,SEAMAN"
Jakarta,Indonesia,Asia,"BUSINESS,SEAMAN"
Lombok,Indonesia,Asia,"LEISURE,CRUISE"
Medan,Indonesia,Asia,"BUSINESS,SEAMAN"
Surabaya,Indonesia,Asia,"BUSINESS,SEAMAN"
Yogyakarta,Indonesia,Asia,"LEISURE,RELIGIOUS"
Fukuoka,Japan,Asia,"BUSINESS,LEISURE"
Hakone,Japan,Asia,LEISURE
Hiroshima,Japan,Asia,"BUSINESS,LEISURE"
Kanazawa,Japan,Asia,LEISURE
Kobe,Japan,Asia,"BUSINESS,SEAMAN"
Kyoto,Japan,Asia,"LEISURE,RELIGIOUS"
Nagasaki,Japan,Asia,"LEISURE,SEAMAN"
Nagoya,Japan,Asia,BUSINESS
Nara,Japan,Asia,"LEISURE,RELIGIOUS"
Okinawa,Japan,Asia,"LEISURE,CRUISE,SEAMAN"
Osaka,Japan,Asia,"BUSINESS,LEISURE"
Sapporo,Japan,Asia,LEISURE
Takayama,Japan,Asia,LEISURE
Tokyo,Japan,Asia,"BUSINESS,LEISURE"
Yokohama,Japan,Asia,"BUSINESS,SEAMAN"
Luang Prabang,Laos,Asia,"LEISURE,RELIGIOUS"
Vientiane,Laos,Asia,"BUSINESS,LEISURE"
Macao,Macao,Asia,LEISURE
Macau,Macao,Asia,"LEISURE,CRUISE"
Ipoh,Malaysia,Asia,LEISURE
Johor Bahru,Malaysia,Asia,"BUSINESS,MEDICAL"
Kota Kinabalu,Malaysia,Asia,"LEISURE,CRUISE"
Kuala Lumpur,Malaysia,Asia,"BUSINESS,MEDICAL,LEISURE"
Kuching,Malaysia,Asia,LEISURE
Langkawi,Malaysia,Asia,"LEISURE,CRUISE"
Malacca,Malaysia,Asia,LEISURE
Penang,Malaysia,Asia,"LEISURE,MEDICAL,SEAMAN"
Male,Maldives,Asia,"LEISURE,CRUISE,SEAMAN"
Ulaanbaatar,Mongolia,Asia,LEISURE
Bagan,Myanmar,Asia,"LEISURE,RELIGIOUS"
Inle Lake,Myanmar,Asia,LEISURE
Mandalay,Myanmar,Asia,"LEISURE,RELIGIOUS"
Yangon,Myanmar,Asia,"BUSINESS,RELIGIOUS"
Kathmandu,Nepal,Asia,"LEISURE,RELIGIOUS"
Pokhara,Nepal,Asia,LEISURE
Islamabad,Pakistan,Asia,BUSINESS
Karachi,Pakistan,Asia,"BUSINESS,SEAMAN"
Lahore,Pakistan,Asia,"BUSINESS,LEISURE"
Bacolod,Philippines,Asia,BUSINESS
Baguio,Philippines,Asia,LEISURE
Boracay,Philippines,Asia,"LEISURE,CRUISE"
Cebu,Philippines,Asia,"LEISURE,MEDICAL,SEAMAN"
Davao,Philippines,Asia,"BUSINESS,SEAMAN"
Iloilo,Philippines,Asia,BUSINESS
Manila,Philippines,Asia,"BUSINESS,SEAMAN,MEDICAL"
Palawan,Philippines,Asia,"LEISURE,CRUISE"
Singapore,Singapore,Asia,"BUSINESS,MEDICAL,SEAMAN"
Busan,South Korea,Asia,"BUSINESS,SEAMAN,MEDICAL"
Daegu,South Korea,Asia,"BUSINESS,MEDICAL"
Daejeon,South Korea,Asia,BUSINESS
Gwangju,South Korea,Asia,BUSINESS
Incheon,South Korea,Asia,"BUSINESS,SEAMAN"
Jeju,South Korea,Asia,"LEISURE,CRUISE"
Seoul,South Korea,Asia,"BUSINESS,MEDICAL,LEISURE"
Colombo,Sri Lanka,Asia,"BUSINESS,SEAMAN,MEDICAL"
Galle,Sri Lanka,Asia,"LEISURE,CRUISE"
Kandy,Sri Lanka,Asia,"LEISURE,RELIGIOUS"
Nuwara Eliya,Sri Lanka,Asia,LEISURE
Trincomalee,Sri Lanka,Asia,"LEISURE,SEAMAN"
Kaohsiung,Taiwan,Asia,"BUSINESS,SEAMAN"
Taipei,Taiwan,Asia,"BUSINESS,MEDICAL,LEISURE"
Ayutthaya,Thailand,Asia,"LEISURE,RELIGIOUS"
Bangkok,Thailand,Asia,"BUSINESS,MEDICAL,LEISURE"
Chiang Mai,Thailand,Asia,"LEISURE,MEDICAL"
Hua Hin,Thailand,Asia,LEISURE
Kanchanaburi,Thailand,Asia,LEISURE
Koh Samui,Thailand,Asia,"LEISURE,CRUISE"
Krabi,Thailand,Asia,"LEISURE,CRUISE"
Pattaya,Thailand,Asia,LEISURE
Phuket,Thailand,Asia,"LEISURE,MEDICAL,CRUISE"
Sukhothai,Thailand,Asia,"LEISURE,RELIGIOUS"
Da Nang,Vietnam,Asia,"LEISURE,MEDICAL"
Halong Bay,Vietnam,Asia,"LEISURE,CRUISE"
Hanoi,Vietnam,Asia,"BUSINESS,MEDICAL,LEISURE"
Ho Chi Minh,Vietnam,Asia,"BUSINESS,MEDICAL,SEAMAN"
Hoi An,Vietnam,Asia,LEISURE
Hue,Vietnam,Asia,"LEISURE,RELIGIOUS"
Nha Trang,Vietnam,Asia,"LEISURE,CRUISE"
Sapa,Vietnam,Asia,LEISURE
Saranda,Albania,Europe,LEISURE
Tirana,Albania,Europe,"BUSINESS,LEISURE"
Graz,Austria,Europe,"BUSINESS,LEISURE"
Innsbruck,Austria,Europe,LEISURE
Linz,Austria,Europe,BUSINESS
Salzburg,Austria,Europe,LEISURE
Vienna,Austria,Europe,"BUSINESS,LEISURE"
Antwerp,Belgium,Europe,"BUSINESS,SEAMAN"
Bruges,Belgium,Europe,LEISURE
Brussels,Belgium,Europe,BUSINESS
Ghent,Belgium,Europe,LEISURE
Mostar,Bosnia and Herzegovina,Europe,LEISURE
Sarajevo,Bosnia and Herzegovina,Europe,LEISURE
Bansko,Bulgaria,Europe,LEISURE
Burgas,Bulgaria,Europe,"LEISURE,SEAMAN"
Golden Sands,Bulgaria,Europe,LEISURE
Plovdiv,Bulgaria,Europe,LEISURE
Sofia,Bulgaria,Europe,"BUSINESS,LEISURE"
Sunny Beach,Bulgaria,Europe,LEISURE
Varna,Bulgaria,Europe,"LEISURE,SEAMAN"
Dubrovnik,Croatia,Europe,"LEISURE,CRUISE"
Split,Croatia,Europe,"LEISURE,CRUISE"
Zagreb,Croatia,Europe,"BUSINESS,LEISURE"
Brno,Czech Republic,Europe,"BUSINESS,LEISURE"
Cesky Krumlov,Czech Republic,Europe,LEISURE
Karlovy Vary,Czech Republic,Europe,"LEISURE,MEDICAL"
Prague,Czech Republic,Europe,LEISURE
Aarhus,Denmark,Europe,"BUSINESS,LEISURE"
Copenhagen,Denmark,Europe,"BUSINESS,LEISURE,CRUISE"
Odense,Denmark,Europe,LEISURE
Parnu,Estonia,Europe,LEISURE
Tallinn,Estonia,Europe,"LEISURE,CRUISE"
Helsinki,Finland,Europe,"BUSINESS,LEISURE,CRUISE"
Tampere,Finland,Europe,BUSINESS
Turku,Finland,Europe,"BUSINESS,SEAMAN"
Bordeaux,France,Europe,LEISURE
Cannes,France,Europe,"LEISURE,CRUISE"
Lille,France,Europe,BUSINESS
Lyon,France,Europe,"BUSINESS,LEISURE"
Marseille,France,Europe,"BUSINESS,SEAMAN,CRUISE"
Montpellier,France,Europe,LEISURE
Nantes,France,Europe,"BUSINESS,LEISURE"
Nice,France,Europe,"LEISURE,CRUISE"
Paris,France,Europe,"BUSINESS,LEISURE,CRUISE"
Strasbourg,France,Europe,"BUSINESS,LEISURE"
Toulouse,France,Europe,"BUSINESS,LEISURE"
Berlin,Germany,Europe,"BUSINESS,LEISURE"
Bremen,Germany,Europe,"BUSINESS,SEAMAN"
Cologne,Germany,Europe,"BUSINESS,LEISURE"
Dresden,Germany,Europe,LEISURE
Dusseldorf,Germany,Europe,BUSINESS
Frankfurt,Germany,Europe,"BUSINESS,LEISURE"
Hamburg,Germany,Europe,"BUSINESS,SEAMAN,CRUISE"
Hannover,Germany,Europe,BUSINESS
Heidelberg,Germany,Europe,LEISURE
Leipzig,Germany,Europe,BUSINESS
Munich,Germany,Europe,"BUSINESS,LEISURE"
Nuremberg,Germany,Europe,"BUSINESS,LEISURE"
Stuttgart,Germany,Europe,BUSINESS
Athens,Greece,Europe,"LEISURE,CRUISE"
Chania,Greece,Europe,LEISURE
Corfu,Greece,Europe,"LEISURE,CRUISE"
Crete,Greece,Europe,"LEISURE,CRUISE"
Heraklion,Greece,Europe,"LEISURE,CRUISE"
Kos,Greece,Europe,"LEISURE,CRUISE"
Mykonos,Greece,Europe,"LEISURE,CRUISE"
Naxos,Greece,Europe,LEISURE
Paros,Greece,Europe,LEISURE
Rhodes,Greece,Europe,"LEISURE,CRUISE"
Santorini,Greece,Europe,"LEISURE,CRUISE"
Thessaloniki,Greece,Europe,"BUSINESS,LEISURE,SEAMAN"
Zakynthos,Greece,Europe,"LEISURE,CRUISE"
Budapest,Hungary,Europe,"LEISURE,MEDICAL"
Debrecen,Hungary,Europe,"BUSINESS,MEDICAL"
Eger,Hungary,Europe,LEISURE
Pecs,Hungary,Europe,LEISURE
Akureyri,Iceland,Europe,LEISURE
Reykjavik,Iceland,Europe,"LEISURE,CRUISE"
Cork,Ireland,Europe,"BUSINESS,LEISURE"
Dublin,Ireland,Europe,"BUSINESS,LEISURE"
Galway,Ireland,Europe,LEISURE
Limerick,Ireland,Europe,LEISURE
Florence,Italy,Europe,LEISURE
Milan,Italy,Europe,"BUSINESS,LEISURE"
Naples,Italy,Europe,"LEISURE,CRUISE,SEAMAN"
Rome,Italy,Europe,"BUSINESS,LEISURE,RELIGIOUS"
Venice,Italy,Europe,"LEISURE,CRUISE"
Pristina,Kosovo,Europe,BUSINESS
Jurmala,Latvia,Europe,LEISURE
Riga,Latvia,Europe,"LEISURE,CRUISE"
Klaipeda,Lithuania,Europe,SEAMAN
Vilnius,Lithuania,Europe,LEISURE
Valletta,Malta,Europe,"LEISURE,CRUISE"
Monaco,Monaco,Europe,"LEISURE,CRUISE"
Budva,Montenegro,Europe,LEISURE
Kotor,Montenegro,Europe,"LEISURE,CRUISE"
Podgorica,Montenegro,Europe,BUSINESS
Amsterdam,Netherlands,Europe,"BUSINESS,LEISURE,CRUISE"
Eindhoven,Netherlands,Europe,BUSINESS
Maastricht,Netherlands,Europe,LEISURE
Rotterdam,Netherlands,Europe,"BUSINESS,SEAMAN"
The Hague,Netherlands,Europe,BUSINESS
Utrecht,Netherlands,Europe,"BUSINESS,LEISURE"
Ohrid,North Macedonia,Europe,LEISURE
Skopje,North Macedonia,Europe,"BUSINESS,LEISURE"
Bergen,Norway,Europe,"LEISURE,CRUISE"
Oslo,Norway,Europe,"BUSINESS,LEISURE,CRUISE"
Stavanger,Norway,Europe,"BUSINESS,LEISURE"
Trondheim,Norway,Europe,LEISURE
Gdansk,Poland,Europe,"LEISURE,SEAMAN"
Katowice,Poland,Europe,BUSINESS
Krakow,Poland,Europe,"LEISURE,RELIGIOUS"
Lodz,Poland,Europe,BUSINESS
Poznan,Poland,Europe,"BUSINESS,LEISURE"
Warsaw,Poland,Europe,"BUSINESS,MEDICAL"
Wroclaw,Poland,Europe,"BUSINESS,LEISURE"
Zakopane,Poland,Europe,LEISURE
Lisbon,Portugal,Europe,"BUSINESS,LEISURE,CRUISE"
Porto,Portugal,Europe,"LEISURE,CRUISE"
Brasov,Romania,Europe,LEISURE
Bucharest,Romania,Europe,"BUSINESS,MEDICAL"
Cluj-Napoca,Romania,Europe,"BUSINESS,MEDICAL"
Constanta,Romania,Europe,"SEAMAN,LEISURE"
Sibiu,Romania,Europe,LEISURE
Timisoara,Romania,Europe,"BUSINESS,MEDICAL"
Moscow,Russia,Europe,"BUSINESS,LEISURE"
St Petersburg,Russia,Europe,"LEISURE,CRUISE"
Belgrade,Serbia,Europe,"BUSINESS,LEISURE"
Bratislava,Slovakia,Europe,"BUSINESS,LEISURE"
Ljubljana,Slovenia,Europe,LEISURE
Alicante,Spain,Europe,LEISURE
Barcelona,Spain,Europe,"BUSINESS,LEISURE,CRUISE"
Bilbao,Spain,Europe,"BUSINESS,LEISURE"
Granada,Spain,Europe,LEISURE
Ibiza,Spain,Europe,LEISURE
Madrid,Spain,Europe,"BUSINESS,LEISURE"
Malaga,Spain,Europe,"LEISURE,CRUISE"
Palma,Spain,Europe,"LEISURE,CRUISE"
San Sebastian,Spain,Europe,LEISURE
Seville,Spain,Europe,LEISURE
Valencia,Spain,Europe,"LEISURE,SEAMAN"
Zaragoza,Spain,Europe,BUSINESS
Gothenburg,Sweden,Europe,"BUSINESS,SEAMAN,LEISURE"
Malmo,Sweden,Europe,"BUSINESS,LEISURE"
Stockholm,Sweden,Europe,"BUSINESS,LEISURE,CRUISE"
Basel,Switzerland,Europe,"BUSINESS,LEISURE"
Bern,Switzerland,Europe,"BUSINESS,LEISURE"
Geneva,Switzerland,Europe,BUSINESS
Interlaken,Switzerland,Europe,LEISURE
Lucerne,Switzerland,Europe,LEISURE
St Moritz,Switzerland,Europe,LEISURE
Zermatt,Switzerland,Europe,LEISURE
Zurich,Switzerland,Europe,"BUSINESS,LEISURE"
Istanbul,Turkey,Europe,"BUSINESS,LEISURE,SEAMAN"
Bath,United Kingdom,Europe,LEISURE
Belfast,United Kingdom,Europe,"BUSINESS,LEISURE"
Birmingham,United Kingdom,Europe,BUSINESS
Bristol,United Kingdom,Europe,"BUSINESS,LEISURE"
Cambridge,United Kingdom,Europe,"BUSINESS,LEISURE"
Cardiff,United Kingdom,Europe,"BUSINESS,LEISURE"
Edinburgh,United Kingdom,Europe,LEISURE
Glasgow,United Kingdom,Europe,"BUSINESS,LEISURE"
Leeds,United Kingdom,Europe,BUSINESS
Liverpool,United Kingdom,Europe,"LEISURE,CRUISE"
London,United Kingdom,Europe,"BUSINESS,LEISURE,CRUISE"
Manchester,United Kingdom,Europe,"BUSINESS,LEISURE"
Newcastle,United Kingdom,Europe,BUSINESS
Oxford,United Kingdom,Europe,LEISURE
Southampton,United Kingdom,Europe,"CRUISE,SEAMAN"
York,United Kingdom,Europe,LEISURE
Manama,Bahrain,Middle East,"BUSINESS,MEDICAL"
Bandar Abbas,Iran,Middle East,"BUSINESS,SEAMAN"
Isfahan,Iran,Middle East,"LEISURE,RELIGIOUS"
Kish Island,Iran,Middle East,LEISURE
Mashhad,Iran,Middle East,RELIGIOUS
Qom,Iran,Middle East,RELIGIOUS
Shiraz,Iran,Middle East,"LEISURE,RELIGIOUS"
Tabriz,Iran,Middle East,"BUSINESS,LEISURE"
Tehran,Iran,Middle East,BUSINESS
Yazd,Iran,Middle East,"LEISURE,RELIGIOUS"
Baghdad,Iraq,Middle East,BUSINESS
Basra,Iraq,Middle East,"BUSINESS,SEAMAN"
Erbil,Iraq,Middle East,BUSINESS
Karbala,Iraq,Middle East,RELIGIOUS
Najaf,Iraq,Middle East,RELIGIOUS
Eilat,Israel,Middle East,"LEISURE,CRUISE"
Haifa,Israel,Middle East,"BUSINESS,SEAMAN"
Jerusalem,Israel,Middle East,"RELIGIOUS,LEISURE"
Nazareth,Israel,Middle East,"RELIGIOUS,LEISURE"
Tel Aviv,Israel,Middle East,"BUSINESS,LEISURE"
Amman,Jordan,Middle East,"BUSINESS,LEISURE"
Aqaba,Jordan,Middle East,"LEISURE,CRUISE,SEAMAN"
Dead Sea,Jordan,Middle East,"LEISURE,MEDICAL"
Petra,Jordan,Middle East,LEISURE
Wadi Rum,Jordan,Middle East,LEISURE
Kuwait City,Kuwait,Middle East,"BUSINESS,SEAMAN"
Baalbek,Lebanon,Middle East,LEISURE
Beirut,Lebanon,Middle East,"BUSINESS,LEISURE"
Byblos,Lebanon,Middle East,LEISURE
Tripoli,Lebanon,Middle East,"BUSINESS,SEAMAN"
Muscat,Oman,Middle East,"BUSINESS,CRUISE,LEISURE"
Nizwa,Oman,Middle East,LEISURE
Salalah,Oman,Middle East,"LEISURE,SEAMAN"
Sohar,Oman,Middle East,"BUSINESS,SEAMAN"
Bethlehem,Palestine,Middle East,"RELIGIOUS,LEISURE"
Ramallah,Palestine,Middle East,BUSINESS
Doha,Qatar,Middle East,"BUSINESS,CRUISE"
Abha,Saudi Arabia,Middle East,LEISURE
Al Khobar,Saudi Arabia,Middle East,BUSINESS
Dammam,Saudi Arabia,Middle East,"BUSINESS,SEAMAN"
Jeddah,Saudi Arabia,Middle East,"BUSINESS,RELIGIOUS,SEAMAN"
Jizan,Saudi Arabia,Middle East,"BUSINESS,SEAMAN"
Mecca,Saudi Arabia,Middle East,RELIGIOUS
Medina,Saudi Arabia,Middle East,RELIGIOUS
Riyadh,Saudi Arabia,Middle East,"BUSINESS,MEDICAL"
Taif,Saudi Arabia,Middle East,LEISURE
Yanbu,Saudi Arabia,Middle East,"BUSINESS,SEAMAN"
Aleppo,Syria,Middle East,BUSINESS
Damascus,Syria,Middle East,"BUSINESS,RELIGIOUS"
Adana,Turkey,Middle East,BUSINESS
Alanya,Turkey,Middle East,LEISURE
Ankara,Turkey,Middle East,BUSINESS
Antalya,Turkey,Middle East,"LEISURE,MEDICAL"
Belek,Turkey,Middle East,LEISURE
Bodrum,Turkey,Middle East,"LEISURE,CRUISE"
Bursa,Turkey,Middle East,"BUSINESS,LEISURE"
Cappadocia,Turkey,Middle East,LEISURE
Dalaman,Turkey,Middle East,LEISURE
Denizli,Turkey,Middle East,LEISURE
Eskisehir,Turkey,Middle East,BUSINESS
Fethiye,Turkey,Middle East,"LEISURE,CRUISE"
Gaziantep,Turkey,Middle East,"BUSINESS,LEISURE"
Izmir,Turkey,Middle East,"MEDICAL,LEISURE,SEAMAN"
Kas,Turkey,Middle East,LEISURE
Kayseri,Turkey,Middle East,BUSINESS
Konya,Turkey,Middle East,"RELIGIOUS,BUSINESS"
Kusadasi,Turkey,Middle East,"LEISURE,CRUISE"
Marmaris,Turkey,Middle East,"LEISURE,CRUISE"
Mersin,Turkey,Middle East,"BUSINESS,SEAMAN"
Pamukkale,Turkey,Middle East,LEISURE
Samsun,Turkey,Middle East,"BUSINESS,SEAMAN"
Side,Turkey,Middle East,LEISURE
Trabzon,Turkey,Middle East,"RELIGIOUS,BUSINESS,SEAMAN"
Abu Dhabi,United Arab Emirates,Middle East,"BUSINESS,CRUISE"
Al Ain,United Arab Emirates,Middle East,LEISURE
Dubai,United Arab Emirates,Middle East,"BUSINESS,MEDICAL,CRUISE"
Fujairah,United Arab Emirates,Middle East,"BUSINESS,SEAMAN"
Ras Al Khaimah,United Arab Emirates,Middle East,LEISURE
Sharjah,United Arab Emirates,Middle East,BUSINESS
Aden,Yemen,Middle East,"BUSINESS,SEAMAN"
Sana'a,Yemen,Middle East,BUSINESS
Pago Pago,American Samoa,Oceania,"LEISURE,SEAMAN,CRUISE"
Adelaide,Australia,Oceania,"BUSINESS,LEISURE"
Airlie Beach,Australia,Oceania,"LEISURE,CRUISE"
Alice Springs,Australia,Oceania,LEISURE
Brisbane,Australia,Oceania,"BUSINESS,LEISURE"
Broome,Australia,Oceania,"LEISURE,CRUISE"
Byron Bay,Australia,Oceania,LEISURE
Cairns,Australia,Oceania,"LEISURE,CRUISE"
Canberra,Australia,Oceania,BUSINESS
Darwin,Australia,Oceania,"BUSINESS,LEISURE"
Gold Coast,Australia,Oceania,LEISURE
Hobart,Australia,Oceania,"LEISURE,CRUISE"
Margaret River,Australia,Oceania,LEISURE
Melbourne,Australia,Oceania,"BUSINESS,LEISURE"
Newcastle,Australia,Oceania,"BUSINESS,SEAMAN"
Perth,Australia,Oceania,"BUSINESS,LEISURE"
Port Douglas,Australia,Oceania,LEISURE
Sunshine Coast,Australia,Oceania,LEISURE
Sydney,Australia,Oceania,"BUSINESS,LEISURE,CRUISE"
Townsville,Australia,Oceania,"LEISURE,SEAMAN"
Uluru,Australia,Oceania,LEISURE
Wollongong,Australia,Oceania,LEISURE
Aitutaki,Cook Islands,Oceania,"LEISURE,CRUISE"
Rarotonga,Cook Islands,Oceania,"LEISURE,CRUISE"
Denarau,Fiji,Oceania,"LEISURE,CRUISE"
Fiji,Fiji,Oceania,"LEISURE,CRUISE"
Nadi,Fiji,Oceania,"LEISURE,CRUISE"
Suva,Fiji,Oceania,"BUSINESS,CRUISE,SEAMAN"
Bora Bora,French Polynesia,Oceania,"LEISURE,CRUISE"
Moorea,French Polynesia,Oceania,"LEISURE,CRUISE"
Papeete,French Polynesia,Oceania,"LEISURE,CRUISE"
Tahiti,French Polynesia,Oceania,"LEISURE,CRUISE"
Guam,Guam,Oceania,"BUSINESS,SEAMAN,LEISURE"
Noumea,New Caledonia,Oceania,"LEISURE,CRUISE"
Auckland,New Zealand,Oceania,"BUSINESS,LEISURE,CRUISE"
Christchurch,New Zealand,Oceania,"BUSINESS,LEISURE"
Dunedin,New Zealand,Oceania,"LEISURE,CRUISE"
Hamilton,New Zealand,Oceania,BUSINESS
Milford Sound,New Zealand,Oceania,"LEISURE,CRUISE"
Napier,New Zealand,Oceania,"LEISURE,CRUISE"
Nelson,New Zealand,Oceania,LEISURE
New Plymouth,New Zealand,Oceania,BUSINESS
Palmerston North,New Zealand,Oceania,BUSINESS
Queenstown,New Zealand,Oceania,LEISURE
Rotorua,New Zealand,Oceania,LEISURE
Taupo,New Zealand,Oceania,LEISURE
Tauranga,New Zealand,Oceania,"LEISURE,CRUISE"
Wanaka,New Zealand,Oceania,LEISURE
Wellington,New Zealand,Oceania,"BUSINESS,LEISURE"
Saipan,Northern Mariana Islands,Oceania,"LEISURE,SEAMAN"
Palau,Palau,Oceania,"LEISURE,CRUISE"
Lae,Papua New Guinea,Oceania,"BUSINESS,SEAMAN"
Port Moresby,Papua New Guinea,Oceania,"BUSINESS,SEAMAN"
Rabaul,Papua New Guinea,Oceania,"LEISURE,SEAMAN"
Apia,Samoa,Oceania,"LEISURE,CRUISE"
Honiara,Solomon Islands,Oceania,"BUSINESS,SEAMAN"
Nuku'alofa,Tonga,Oceania,"LEISURE,CRUISE"
Luganville,Vanuatu,Oceania,"LEISURE,SEAMAN"
Port Vila,Vanuatu,Oceania,"LEISURE,CRUISE"
